nsb,mean_pakai,std_pakai,max_pakai,cluster,dist_to_centroid,anomaly,kategori_pelanggan,latitude,longitude
0104433255,0.7906976744186046,1.7215292012329253,11.0,2,0.20031769756280057,False,Konsumsi Rendah,-7.7023866999313215,109.0157542305646
0104433256,25.234848484848484,9.269386409269424,43.0,0,0.1751236918020693,False,Konsumsi Tinggi,-7.702536853352064,109.01566510084491
0104433257,8.4,6.992354628865297,35.0,2,0.1361431722550339,False,Konsumsi Rendah,-7.7023543138924015,109.01566807183556
0104433258,11.219696969696969,8.632721695788492,42.0,1,0.2369736122627917,False,Konsumsi Sedang,-7.7025015231401985,109.01557300013458
0104433259,17.56390977443609,9.228047975945024,32.0,1,0.1966986244041767,False,Konsumsi Sedang,-7.70231898366532,109.01559379706916
0104433260,8.007518796992482,11.55782316756706,51.0,1,0.19332705588260424,False,Konsumsi Sedang,-7.702460304555971,109.01549278338685
0104433261,13.147286821705427,11.314468596111928,50.0,1,0.09404063091398503,False,Konsumsi Sedang,-7.702295430178973,109.01552546428408
0104433262,18.389312977099237,15.894639889493453,190.0,1,0.17334399431789857,False,Konsumsi Sedang,-7.702430862707642,109.0154214796111
0104433263,11.300751879699249,9.844999470894315,38.0,1,0.18201932913335728,False,Konsumsi Sedang,-7.702265988319179,109.015448218527
0104433264,6.876923076923077,11.68183867378071,55.0,1,0.21893526228043683,False,Konsumsi Sedang,-7.7024014208572735,109.01535017583537
0104433265,28.518796992481203,10.770752698550098,48.0,0,0.27873387969127394,False,Konsumsi Tinggi,-7.702233602271046,109.0153739437606
0104433266,13.5703125,11.98731849188901,61.0,1,0.059952622687899276,False,Konsumsi Sedang,-7.702380811560791,109.01526995908765
0104433268,3.2231404958677685,5.53547288450557,49.0,2,0.03206546667794353,False,Konsumsi Rendah,-7.702344935359997,109.01519059318076
0104433269,24.36111111111111,5.662673663197714,38.0,0,0.0334335792054333,False,Konsumsi Tinggi,-7.702172866305961,109.01521866515957
0104433270,18.813953488372093,12.630424231951586,50.0,1,0.09819722489536264,False,Konsumsi Sedang,-7.70231898366532,109.01511546757348
0104433271,23.795454545454547,5.1374075447019845,38.0,0,0.04400044046952842,False,Konsumsi Tinggi,-7.702147674883631,109.01514268871144
0104433272,3.434108527131783,4.831286321403427,19.0,2,0.031786213689376744,False,Konsumsi Rendah,-7.702283653435303,109.0150387677924
0104433273,11.203252032520325,20.05482622491077,61.0,1,0.3733225749661055,True,Konsumsi Sedang,-7.702115074519008,109.01506301793964
0104433274,25.098484848484848,5.044625056592486,41.0,0,0.06711438010090387,False,Konsumsi Tinggi,-7.702254211574695,109.01495503407808
0104433275,21.535714285714285,13.441852464723665,65.0,1,0.16932978579558147,False,Konsumsi Sedang,-7.702075162156618,109.01497395197389
0104433276,1.2936507936507937,4.199176034066606,22.0,2,0.09491033714452606,False,Konsumsi Rendah,-7.702210048779953,109.01485402039576
0104433277,3.4803149606299213,8.811834028602194,44.0,2,0.18051123711117492,False,Konsumsi Rendah,-7.702042230117914,109.0148985852556
0104433278,11.125984251968504,13.46187569537935,50.0,1,0.10440406309910756,False,Konsumsi Sedang,-7.702180606914218,109.01477974562934
0104433279,23.053435114503817,5.271568117449622,36.0,0,0.03462196772282935,False,Konsumsi Tinggi,-7.702009083768519,109.01481297250248
0104433280,11.069230769230769,9.897293077221176,34.0,1,0.1830420154451958,False,Konsumsi Sedang,-7.702150619070533,109.01470789587768
0104433281,15.679389312977099,3.6716526892322534,32.0,0,0.2250192903592046,False,Konsumsi Tinggi,-7.701983346361103,109.01473651383236
0104433282,13.0,10.435951844900918,45.0,1,0.13533307255745305,False,Konsumsi Sedang,-7.7021145285430785,109.0146252541152
0104433283,29.639097744360903,5.9852575776383,48.0,0,0.16583512365271366,False,Konsumsi Tinggi,-7.701956088383346,109.0146627850419
0104433284,15.090225563909774,13.20035504952742,59.0,1,0.01463058839236705,False,Konsumsi Sedang,-7.702091735328848,109.01454824946919
0104433285,10.503875968992247,2.5437547021079157,21.0,2,0.20936014678217055,False,Konsumsi Rendah,-7.701924462596097,109.01459366516985
0104433286,39.65413533834587,18.82335956584746,72.0,1,0.7000028462671093,True,Konsumsi Sedang,-7.702050516704813,109.01447670458242
0104433287,15.29,11.559503501972792,33.0,1,0.06844420949662736,False,Konsumsi Sedang,-7.7018972046142435,109.01451071854252
0104433288,15.068181818181818,8.788605723441556,46.0,1,0.20779675679811585,False,Konsumsi Sedang,-7.702033397554912,109.01440703873445
0104433289,15.81203007518797,3.5165202668216504,25.0,0,0.22624325249551816,False,Konsumsi Tinggi,-7.701869614963617,109.0144345647373
0104433290,20.75187969924812,5.217113469641527,43.0,0,0.07302186628463415,False,Konsumsi Tinggi,-7.701869614963617,109.0144345647373
0104433291,24.143939393939394,14.289873944153964,69.0,1,0.2444024415647669,False,Konsumsi Sedang,-7.701842356977882,109.01436083594685
0104433292,10.052631578947368,14.99611858341295,54.0,1,0.16581328464606543,False,Konsumsi Sedang,-7.701805934755968,109.0142787401603
0104434126,2.669230769230769,3.431248245169117,15.0,2,0.10164745431554847,False,Konsumsi Rendah,-7.702566081866768,109.0157606151274
0104434130,8.223076923076922,10.765481287818854,48.0,1,0.20601751527940246,False,Konsumsi Sedang,-7.702671170092814,109.01583911105898
0104434131,16.48,21.561839050178587,92.0,1,0.43758377898011686,True,Konsumsi Sedang,-7.702628123052392,109.01586162880974
0104434132,2.7314814814814814,4.890590778068879,32.0,2,0.04543657387898178,False,Konsumsi Rendah,-7.702585752377702,109.01588491646916
0104434133,6.916030534351145,9.619721863833801,80.0,2,0.22959978642258225,False,Konsumsi Rendah,-7.702701764027637,109.0158261018004
